{
  "mse_all_bins": 2.9772476409561932e-05,
  "mae_all_bins": 0.0017990687629207969,
  "mean_L1_per_sample": 0.17990684509277344,
  "test_loss": 0.04424118483439088
}