{
  "X_mean": [
    3.715904232578025,
    17.45959811885421,
    96.9089354424968
  ],
  "X_std": [
    2.235491282724699,
    12.919935181946496,
    79.11006615208947
  ],
  "feature_cols": [
    "E_in",
    "v_in",
    "j_in"
  ]
}