{
  "rmse_mean_Eout": 0.055237572622455225,
  "rmse_std_Eout": 0.019894481332491405,
  "r2_mean_Eout": 0.9992120013787688,
  "r2_std_Eout": 0.9965114064450169
}