{
  "mse_all_bins": 181.65951538085938,
  "mae_all_bins": 10.241454124450684,
  "mean_L1_per_sample": 1024.1453857421875,
  "test_loss": 0.04424118483439088
}